From	Entry	Entry Name	Protein names
PRX5_ASPFU	O43099	PRX5_ASPFU	Peroxiredoxin Asp f3 (Prx) (EC 1.11.1.24) (Thioredoxin peroxidase) (TPx) (Thioredoxin-dependent peroxiredoxin) (allergen Asp f 3)
PRX5_PENCI	Q9Y8B8	PRX5_PENCI	Peroxiredoxin Pen c 3 (Prx) (EC 1.11.1.24) (Peroxisomal membrane protein) (Thioredoxin peroxidase) (TPx) (Thioredoxin-dependent peroxiredoxin) (allergen Pen c 3)
PRX5_EMENI	Q5ASN8	PRX5_EMENI	Putative peroxiredoxin prxA (Prx) (EC 1.11.1.24) (Thioredoxin peroxidase) (TPx) (Thioredoxin-dependent peroxiredoxin)
PR2E2_ORYSJ	Q7F8S5	PR2E2_ORYSJ	Peroxiredoxin-2E-2, chloroplastic (EC 1.11.1.25) (Glutaredoxin-dependent peroxiredoxin) (Peroxiredoxin IIE-2) (Thioredoxin peroxidase 2E-2)
PR2E1_ORYSJ	Q69TY4	PR2E1_ORYSJ	Peroxiredoxin-2E-1, chloroplastic (EC 1.11.1.25) (Glutaredoxin-dependent peroxiredoxin) (Peroxiredoxin IIE-1) (Thioredoxin peroxidase 2E-1)
MALF3_MALFU	P56578	MALF3_MALFU	Putative peroxiredoxin (EC 1.11.1.24) (MF2) (Thioredoxin reductase) (Thioredoxin-dependent peroxiredoxin) (allergen Mal f 3)
AHP1_YEAST	P38013	AHP1_YEAST	Peroxiredoxin AHP1 (Prx) (EC 1.11.1.24) (Alkyl hydroperoxide reductase) (AHPC1) (Cytoplasmic thiol peroxidase 3) (cTPx 3) (Thiol-specific antioxidant II) (TSA II) (Thioredoxin peroxidase type II) (TPx type II) (Thioredoxin-dependent peroxiredoxin AHP1)
MALF2_MALFU	P56577	MALF2_MALFU	Putative peroxiredoxin (EC 1.11.1.24) (MF1) (Thioredoxin reductase) (Thioredoxin-dependent peroxiredoxin) (allergen Mal f 2)
PMP20_LIPKO	Q01116	PMP20_LIPKO	Putative peroxisomal peroxiredoxin (EC 1.11.1.-)
PRX5_HAEIN	P44758	PRX5_HAEIN	Hybrid peroxiredoxin hyPrx5 (EC 1.11.1.27) (Glutathione-dependent peroxidase) (Glutathione-dependent peroxiredoxin) (Peroxiredoxin-glutaredoxin fusion protein) (PGdx) (Prx-Grx)
PRX2C_ORYSJ	Q9FR35	PRX2C_ORYSJ	Peroxiredoxin-2C (EC 1.11.1.25) (Glutaredoxin-dependent peroxiredoxin) (Peroxiredoxin IIC) (Thioredoxin peroxidase 2C)
PRX2_POPTR	A9PCL4	PRX2_POPTR	Peroxiredoxin-2 (Prx) (EC 1.11.1.25) (1-Cys D-peroxiredoxin) (Glutaredoxin-dependent peroxiredoxin) (Peroxiredoxin II) (Thioredoxin peroxidase)
TPX_SHIFL	P0A865	TPX_SHIFL	Thiol peroxidase (Tpx) (EC 1.11.1.24) (Peroxiredoxin tpx) (Prx) (Thioredoxin peroxidase) (Thioredoxin-dependent peroxiredoxin)
TPX_SHIDY	P0A866	TPX_SHIDY	Thiol peroxidase (Tpx) (EC 1.11.1.24) (Peroxiredoxin tpx) (Prx) (Thioredoxin peroxidase) (Thioredoxin-dependent peroxiredoxin)
TPX_ECOLI	P0A862	TPX_ECOLI	Thiol peroxidase (Tpx) (EC 1.11.1.24) (Peroxiredoxin tpx) (Prx) (Scavengase p20) (Thioredoxin peroxidase) (Thioredoxin-dependent peroxiredoxin)
TPX_ECOL6	P0A863	TPX_ECOL6	Thiol peroxidase (Tpx) (EC 1.11.1.24) (Peroxiredoxin tpx) (Prx) (Thioredoxin peroxidase) (Thioredoxin-dependent peroxiredoxin)
TPX_ECO57	P0A864	TPX_ECO57	Thiol peroxidase (Tpx) (EC 1.11.1.24) (Peroxiredoxin tpx) (Prx) (Thioredoxin peroxidase) (Thioredoxin-dependent peroxiredoxin)
RESA_BACC1	Q73B22	RESA_BACC1	Thiol-disulfide oxidoreductase ResA
RESA_BACHK	Q6HL81	RESA_BACHK	Thiol-disulfide oxidoreductase ResA
PRX2E_ARATH	Q949U7	PRX2E_ARATH	Peroxiredoxin-2E, chloroplastic (EC 1.11.1.25) (Glutaredoxin-dependent peroxiredoxin) (Peroxiredoxin IIE) (Thioredoxin peroxidase 2E)
PRX2B_ARATH	Q9XEX2	PRX2B_ARATH	Peroxiredoxin-2B (EC 1.11.1.25) (Glutaredoxin-dependent peroxiredoxin) (Peroxiredoxin IIB) (Peroxiredoxin TPx1) (Thioredoxin peroxidase 2B) (Thioredoxin-dependent peroxidase 1)
PRX2D_ARATH	O22711	PRX2D_ARATH	Peroxiredoxin-2D (EC 1.11.1.25) (Glutaredoxin-dependent peroxiredoxin) (Peroxiredoxin IID) (Thioredoxin peroxidase 2D)
PRDX5_HUMAN	P30044	PRDX5_HUMAN	Peroxiredoxin-5, mitochondrial (EC 1.11.1.24) (Alu corepressor 1) (Antioxidant enzyme B166) (AOEB166) (Liver tissue 2D-page spot 71B) (PLP) (Peroxiredoxin V) (Prx-V) (Peroxisomal antioxidant enzyme) (TPx type VI) (Thioredoxin peroxidase PMP20) (Thioredoxin-dependent peroxiredoxin 5)
PRX2C_ARATH	Q9SRZ4	PRX2C_ARATH	Peroxiredoxin-2C (EC 1.11.1.25) (Glutaredoxin-dependent peroxiredoxin) (Peroxiredoxin IIC) (Peroxiredoxin TPx2) (Thioredoxin peroxidase 2C) (Thioredoxin-dependent peroxidase 2)
RESA_GEOTN	A4IQF5	RESA_GEOTN	Thiol-disulfide oxidoreductase ResA
PMP20_SCHPO	O14313	PMP20_SCHPO	Peroxisomal membrane associated protein 20 (Peroxiredoxin homolog pmp20) (Prx)
RESA_BACAH	A0RBT0	RESA_BACAH	Thiol-disulfide oxidoreductase ResA
RESA_BACAN	Q81SZ9	RESA_BACAN	Thiol-disulfide oxidoreductase ResA
PRDX5_CHLAE	Q9GLW7	PRDX5_CHLAE	Peroxiredoxin-5, mitochondrial (EC 1.11.1.24) (Peroxiredoxin V) (Prx-V) (Thioredoxin peroxidase) (Thioredoxin-dependent peroxiredoxin 5)
RESA_GEOKA	Q5KXL9	RESA_GEOKA	Thiol-disulfide oxidoreductase ResA
PRDX5_PAPHA	Q9GLW9	PRDX5_PAPHA	Peroxiredoxin-5, mitochondrial (EC 1.11.1.24) (Peroxiredoxin V) (Prx-V) (Thioredoxin peroxidase) (Thioredoxin-dependent peroxiredoxin 5)
TPX_SALTY	Q8ZP65	TPX_SALTY	Thiol peroxidase (Tpx) (EC 1.11.1.24) (Peroxiredoxin tpx) (Prx) (Thioredoxin peroxidase) (Thioredoxin-dependent peroxiredoxin)
TPX_SALTI	Q8Z7A8	TPX_SALTI	Thiol peroxidase (Tpx) (EC 1.11.1.24) (Peroxiredoxin tpx) (Prx) (Thioredoxin peroxidase) (Thioredoxin-dependent peroxiredoxin)
TPX_YERPE	Q8ZE42	TPX_YERPE	Thiol peroxidase (Tpx) (EC 1.11.1.24) (Peroxiredoxin tpx) (Prx) (Thioredoxin peroxidase) (Thioredoxin-dependent peroxiredoxin)
GSPRX_MARGR	B3EWI1	GSPRX_MARGR	Glutathione amide-dependent peroxidase (Prx/Grx) (EC 1.11.1.17)
RESA_BACCR	Q81FU5	RESA_BACCR	Thiol-disulfide oxidoreductase ResA
RESA_BACLD	Q65HX8	RESA_BACLD	Thiol-disulfide oxidoreductase ResA
PRXQ_ORYSI	P0C5D4	PRXQ_ORYSI	Putative peroxiredoxin Q, chloroplastic (EC 1.11.1.24) (Thioredoxin peroxidase) (Thioredoxin-dependent peroxiredoxin Q)
PRXQ_ORYSJ	P0C5D5	PRXQ_ORYSJ	Peroxiredoxin Q, chloroplastic (EC 1.11.1.24) (Thioredoxin peroxidase) (Thioredoxin-dependent peroxiredoxin Q)
PRDX5_BOVIN	Q9BGI1	PRDX5_BOVIN	Peroxiredoxin-5, mitochondrial (EC 1.11.1.24) (Peroxiredoxin V) (Prx-V) (Thioredoxin peroxidase) (Thioredoxin-dependent peroxiredoxin 5)
BCP_MYCTU	P9WIE1	BCP_MYCTU	Putative peroxiredoxin Rv2521 (EC 1.11.1.24) (Bacterioferritin comigratory protein) (Thioredoxin peroxidase) (Thioredoxin-dependent peroxiredoxin Rv2521)
BCP_MYCTO	P9WIE0	BCP_MYCTO	Putative peroxiredoxin MT2597 (EC 1.11.1.24) (Bacterioferritin comigratory protein) (Thioredoxin peroxidase) (Thioredoxin-dependent peroxiredoxin MT2597)
RESA_BACCZ	Q63DQ8	RESA_BACCZ	Thiol-disulfide oxidoreductase ResA
PRXQ_WHEAT	Q5S1S6	PRXQ_WHEAT	Peroxiredoxin Q, chloroplastic (EC 1.11.1.24) (Thioredoxin peroxidase) (Thioredoxin-dependent peroxiredoxin Q)
PRDX5_MOUSE	P99029	PRDX5_MOUSE	Peroxiredoxin-5, mitochondrial (EC 1.11.1.24) (Antioxidant enzyme B166) (AOEB166) (Liver tissue 2D-page spot 2D-0014IV) (PLP) (Peroxiredoxin V) (Prx-V) (Peroxisomal antioxidant enzyme) (Thioredoxin peroxidase PMP20) (Thioredoxin-dependent peroxiredoxin 5)
TPX_LISIN	Q92BC5	TPX_LISIN	Thiol peroxidase (Tpx) (EC 1.11.1.24) (Peroxiredoxin tpx) (Prx) (Thioredoxin peroxidase) (Thioredoxin-dependent peroxiredoxin)
PRDX5_RAT	Q9R063	PRDX5_RAT	Peroxiredoxin-5, mitochondrial (EC 1.11.1.24) (Antioxidant enzyme B166) (AOEB166) (PLP) (Peroxiredoxin V) (Prx-V) (Peroxisomal antioxidant enzyme) (Thioredoxin peroxidase PMP20) (Thioredoxin-dependent peroxiredoxin 5)
PRX5_SYNY3	P73728	PRX5_SYNY3	Peroxiredoxin sll1621 (Prx) (EC 1.11.1.27) (Glutathione-dependent peroxiredoxin)
DSBE_VIBCH	Q9KQE9	DSBE_VIBCH	Thiol:disulfide interchange protein DsbE (Cytochrome c biogenesis protein CcmG)
PRXQ_ARATH	Q9LU86	PRXQ_ARATH	Peroxiredoxin Q, chloroplastic (EC 1.11.1.24) (Thioredoxin peroxidase) (Thioredoxin-dependent peroxiredoxin Q)
RESA_BACSU	P35160	RESA_BACSU	Thiol-disulfide oxidoreductase ResA
TPX_LISMF	Q71Z84	TPX_LISMF	Thiol peroxidase (Tpx) (EC 1.11.1.24) (Peroxiredoxin tpx) (Prx) (Thioredoxin peroxidase) (Thioredoxin-dependent peroxiredoxin)
TPX_PSEAE	P57668	TPX_PSEAE	Thiol peroxidase (Tpx) (EC 1.11.1.24) (Peroxiredoxin tpx) (Prx) (Thioredoxin peroxidase) (Thioredoxin-dependent peroxiredoxin)
TPX_LISMO	Q8Y6U8	TPX_LISMO	Thiol peroxidase (Tpx) (EC 1.11.1.24) (Peroxiredoxin tpx) (Prx) (Thioredoxin peroxidase) (Thioredoxin-dependent peroxiredoxin)
BCP_ECOLI	P0AE52	BCP_ECOLI	Peroxiredoxin Bcp (EC 1.11.1.24) (Bacterioferritin comigratory protein) (Thioredoxin peroxidase) (Thioredoxin-dependent peroxiredoxin Bcp)
BCP_ECO57	P0AE54	BCP_ECO57	Putative peroxiredoxin bcp (EC 1.11.1.24) (Bacterioferritin comigratory protein) (Thioredoxin peroxidase) (Thioredoxin-dependent peroxiredoxin Bcp)
BCP_SHIFL	P0AE55	BCP_SHIFL	Putative peroxiredoxin bcp (EC 1.11.1.24) (Bacterioferritin comigratory protein) (Thioredoxin peroxidase) (Thioredoxin-dependent peroxiredoxin bcp)
BCP_ECOL6	P0AE53	BCP_ECOL6	Putative peroxiredoxin bcp (EC 1.11.1.24) (Bacterioferritin comigratory protein) (Thioredoxin peroxidase) (Thioredoxin-dependent peroxiredoxin Bcp)
PERQ_SEDLI	Q9MB35	PERQ_SEDLI	Peroxiredoxin Q, chloroplastic (EC 1.11.1.24) (Thioredoxin peroxidase) (Thioredoxin-dependent peroxiredoxin Q)
PERQ_SUASA	Q6UBI3	PERQ_SUASA	Peroxiredoxin Q, chloroplastic (EC 1.11.1.24) (Thioredoxin peroxidase) (Thioredoxin-dependent peroxiredoxin Q)
TPX_CHLTE	Q8KED5	TPX_CHLTE	Thiol peroxidase (Tpx) (EC 1.11.1.24) (Peroxiredoxin tpx) (Prx) (Thioredoxin peroxidase) (Thioredoxin-dependent peroxiredoxin)
TPX_COREF	Q8FQH8	TPX_COREF	Thiol peroxidase (Tpx) (EC 1.11.1.24) (Peroxiredoxin tpx) (Prx) (Thioredoxin peroxidase) (Thioredoxin-dependent peroxiredoxin)
PRXQ_POPJC	Q6QPJ6	PRXQ_POPJC	Peroxiredoxin Q, chloroplastic (EC 1.11.1.24) (Thioredoxin peroxidase) (Thioredoxin-dependent peroxiredoxin Q)
PMPB_CANBO	P14293	PMPB_CANBO	Putative peroxiredoxin-B (EC 1.11.1.24) (PMP20) (Peroxisomal membrane protein B) (Thioredoxin reductase) (Thioredoxin-dependent peroxiredoxin-B) (allergen Cand b 2)
TPX_STRMU	Q8DUK3	TPX_STRMU	Thiol peroxidase (Tpx) (EC 1.11.1.24) (Peroxiredoxin tpx) (Prx) (Thioredoxin peroxidase) (Thioredoxin-dependent peroxiredoxin)
PMPA_CANBO	P14292	PMPA_CANBO	Putative peroxiredoxin-A (EC 1.11.1.24) (PMP20) (Peroxisomal membrane protein A) (Thioredoxin reductase) (Thioredoxin-dependent peroxiredoxin-A) (allergen Cand b 2)
RESA_OCEIH	Q8CXF3	RESA_OCEIH	Thiol-disulfide oxidoreductase ResA
TPX_STAS1	Q49YE4	TPX_STAS1	Thiol peroxidase (Tpx) (EC 1.11.1.24) (Peroxiredoxin tpx) (Prx) (Thioredoxin peroxidase) (Thioredoxin-dependent peroxiredoxin)
TPX_STAHJ	Q4L754	TPX_STAHJ	Thiol peroxidase (Tpx) (EC 1.11.1.24) (Peroxiredoxin tpx) (Prx) (Thioredoxin peroxidase) (Thioredoxin-dependent peroxiredoxin)
PRX5_SINFN	Q53212	PRX5_SINFN	Peroxiredoxin y4vD (Prx) (EC 1.11.1.27) (Glutathione-dependent peroxiredoxin)
TPX_VIBCH	P0C6P9	TPX_VIBCH	Thiol peroxidase (Tpx) (EC 1.11.1.24) (Peroxiredoxin tpx) (Prx) (Thioredoxin peroxidase) (Thioredoxin-dependent peroxiredoxin)
TPX_STAAR	Q6GFZ4	TPX_STAAR	Thiol peroxidase (Tpx) (EC 1.11.1.24) (Peroxiredoxin tpx) (Prx) (Thioredoxin peroxidase) (Thioredoxin-dependent peroxiredoxin)
TPX_MYCTU	P9WG35	TPX_MYCTU	Thiol peroxidase (Tpx) (EC 1.11.1.24) (Peroxiredoxin tpx) (Prx) (Thioredoxin peroxidase) (Thioredoxin-dependent peroxiredoxin)
TPX_MYCTO	P9WG34	TPX_MYCTO	Thiol peroxidase (Tpx) (EC 1.11.1.24) (Peroxiredoxin tpx) (Prx) (Thioredoxin peroxidase) (Thioredoxin-dependent peroxiredoxin)
TPX_MYCBO	P66953	TPX_MYCBO	Thiol peroxidase (Tpx) (EC 1.11.1.24) (Peroxiredoxin tpx) (Prx) (Thioredoxin peroxidase) (Thioredoxin-dependent peroxiredoxin)
PRXQ_GENTR	Q75SY5	PRXQ_GENTR	Peroxiredoxin Q, chloroplastic (EC 1.11.1.24) (Thioredoxin peroxidase) (Thioredoxin-dependent peroxiredoxin Q)
YNEN_BACSU	O31820	YNEN_BACSU	Thioredoxin-like protein YneN
TPX_OCEIH	Q8EPB7	TPX_OCEIH	Thiol peroxidase (Tpx) (EC 1.11.1.24) (Peroxiredoxin tpx) (Prx) (Thioredoxin peroxidase) (Thioredoxin-dependent peroxiredoxin)
TPX_STAAW	Q8NW51	TPX_STAAW	Thiol peroxidase (Tpx) (EC 1.11.1.24) (Peroxiredoxin tpx) (Prx) (Thioredoxin peroxidase) (Thioredoxin-dependent peroxiredoxin)
TPX_STAAS	Q6G8L4	TPX_STAAS	Thiol peroxidase (Tpx) (EC 1.11.1.24) (Peroxiredoxin tpx) (Prx) (Thioredoxin peroxidase) (Thioredoxin-dependent peroxiredoxin)
TPX_STAAC	Q5HF61	TPX_STAAC	Thiol peroxidase (Tpx) (EC 1.11.1.24) (Peroxiredoxin tpx) (Prx) (Thioredoxin peroxidase) (Thioredoxin-dependent peroxiredoxin)
TPX_STAAN	P99146	TPX_STAAN	Thiol peroxidase (Tpx) (EC 1.11.1.24) (Peroxiredoxin tpx) (Prx) (Thioredoxin peroxidase) (Thioredoxin-dependent peroxiredoxin)
TPX_STAAM	P66954	TPX_STAAM	Thiol peroxidase (Tpx) (EC 1.11.1.24) (Peroxiredoxin tpx) (Prx) (Thioredoxin peroxidase) (Thioredoxin-dependent peroxiredoxin)
DSBE_TATCI	Q9Z645	DSBE_TATCI	Thiol:disulfide interchange protein DsbE (Cytochrome c biogenesis protein CcmG)
PRX5_RHIET	O69777	PRX5_RHIET	Peroxiredoxin (Prx) (EC 1.11.1.27) (Glutathione-dependent peroxiredoxin)
TPX_VIBC3	A5F3A2	TPX_VIBC3	Thiol peroxidase (Tpx) (EC 1.11.1.24) (Peroxiredoxin tpx) (Prx) (Thioredoxin peroxidase) (Thioredoxin-dependent peroxiredoxin)
DSBE_YERPE	Q8ZD52	DSBE_YERPE	Thiol:disulfide interchange protein DsbE (Cytochrome c biogenesis protein CcmG)
TPX_STRA3	Q8E536	TPX_STRA3	Thiol peroxidase (Tpx) (EC 1.11.1.24) (Peroxiredoxin tpx) (Prx) (Thioredoxin peroxidase) (Thioredoxin-dependent peroxiredoxin)
PRX2F_ORYSJ	Q9SDD6	PRX2F_ORYSJ	Peroxiredoxin-2F, mitochondrial (EC 1.11.1.25) (Glutaredoxin-dependent peroxiredoxin) (Peroxiredoxin IIF) (Thioredoxin peroxidase 2F)
TPX_STRA5	Q8DZH0	TPX_STRA5	Thiol peroxidase (Tpx) (EC 1.11.1.24) (Peroxiredoxin tpx) (Prx) (Thioredoxin peroxidase) (Thioredoxin-dependent peroxiredoxin)
PRX2F_ARATH	Q9M7T0	PRX2F_ARATH	Peroxiredoxin-2F, mitochondrial (EC 1.11.1.25) (Glutaredoxin-dependent peroxiredoxin) (Peroxiredoxin IIF) (Thioredoxin peroxidase 2F)
TLPA_BRADU	P43221	TLPA_BRADU	Thiol:disulfide interchange protein TlpA (Cytochrome c biogenesis protein TlpA)
TPX_PASMU	P57880	TPX_PASMU	Thiol peroxidase (Tpx) (EC 1.11.1.24) (Peroxiredoxin tpx) (Prx) (Thioredoxin peroxidase) (Thioredoxin-dependent peroxiredoxin)
TPX_STRGN	P42366	TPX_STRGN	Thiol peroxidase (Tpx) (EC 1.11.1.24) (Peroxiredoxin tpx) (Prx) (Thioredoxin peroxidase) (Thioredoxin-dependent peroxiredoxin)
TPX_STRSA	P31308	TPX_STRSA	Thiol peroxidase (Tpx) (EC 1.11.1.24) (Peroxiredoxin tpx) (Prx) (Thioredoxin peroxidase) (Thioredoxin-dependent peroxiredoxin)
BCP_BACSU	Q796Y8	BCP_BACSU	Peroxiredoxin Bcp (EC 1.11.1.24) (Bacterioferritin comigratory protein) (Thioredoxin peroxidase) (Thioredoxin-dependent peroxiredoxin Bcp)
TPX_STRPN	P0C2J8	TPX_STRPN	Thiol peroxidase (Tpx) (EC 1.11.1.24) (Peroxiredoxin tpx) (Prx) (Thioredoxin peroxidase) (Thioredoxin-dependent peroxiredoxin)
TPX_STRP2	Q04JB8	TPX_STRP2	Thiol peroxidase (Tpx) (EC 1.11.1.24) (Peroxiredoxin tpx) (Prx) (Thioredoxin peroxidase) (Thioredoxin-dependent peroxiredoxin)
TPX_STRR6	P0A4M6	TPX_STRR6	Thiol peroxidase (Tpx) (EC 1.11.1.24) (Peroxiredoxin tpx) (Prx) (Thioredoxin peroxidase) (Thioredoxin-dependent peroxiredoxin)
DSBE_ECO57	P0AA87	DSBE_ECO57	Thiol:disulfide interchange protein DsbE (Cytochrome c biogenesis protein CcmG)
DSBE_SHIFL	P0AA88	DSBE_SHIFL	Thiol:disulfide interchange protein DsbE (Cytochrome c biogenesis protein CcmG)
DSBE_ECOLI	P0AA86	DSBE_ECOLI	Thiol:disulfide interchange protein DsbE (Cytochrome c biogenesis protein CcmG)
DSBE_SALTY	Q8XFK6	DSBE_SALTY	Thiol:disulfide interchange protein DsbE (Cytochrome c biogenesis protein CcmG)
DSBE_SALTI	Q8XFE5	DSBE_SALTI	Thiol:disulfide interchange protein DsbE (Cytochrome c biogenesis protein CcmG)
TPX_STAES	Q8CS58	TPX_STAES	Thiol peroxidase (Tpx) (EC 1.11.1.24) (Peroxiredoxin tpx) (Prx) (Thioredoxin peroxidase) (Thioredoxin-dependent peroxiredoxin)
TPX_STAEQ	Q5HNJ2	TPX_STAEQ	Thiol peroxidase (Tpx) (EC 1.11.1.24) (Peroxiredoxin tpx) (Prx) (Thioredoxin peroxidase) (Thioredoxin-dependent peroxiredoxin)
PRX2A_ARATH	Q7G959	PRX2A_ARATH	Peroxiredoxin-2A (EC 1.11.1.25) (Glutaredoxin-dependent peroxiredoxin) (Peroxiredoxin IIA) (Thioredoxin peroxidase 2A)
BCP_COXBU	Q83CY8	BCP_COXBU	Putative peroxiredoxin bcp (EC 1.11.1.24) (Bacterioferritin comigratory protein) (Thioredoxin peroxidase) (Thioredoxin-dependent peroxiredoxin Bcp)
TPX_CORGL	Q8NRG3	TPX_CORGL	Thiol peroxidase (Tpx) (EC 1.11.1.24) (Peroxiredoxin tpx) (Prx) (Thioredoxin peroxidase) (Thioredoxin-dependent peroxiredoxin)
TPX_BACSU	P80864	TPX_BACSU	Thiol peroxidase (Tpx) (EC 1.11.1.24) (Peroxiredoxin tpx) (Prx) (Thioredoxin peroxidase) (Thioredoxin-dependent peroxiredoxin)
TDXH_AQUAE	O67024	TDXH_AQUAE	Peroxiredoxin (EC 1.11.1.24) (Thioredoxin peroxidase) (Thioredoxin-dependent peroxiredoxin)
BCP_HAEIN	P44411	BCP_HAEIN	Putative peroxiredoxin bcp (EC 1.11.1.24) (Bacterioferritin comigratory protein homolog) (Thioredoxin peroxidase) (Thioredoxin-dependent peroxiredoxin Bcp)
TPX_HAEIN	Q57549	TPX_HAEIN	Thiol peroxidase (Tpx) (EC 1.11.1.24) (Peroxiredoxin tpx) (Prx) (Scavengase p20) (Thioredoxin peroxidase) (Thioredoxin-dependent peroxiredoxin)
TPX_STRPA	P31307	TPX_STRPA	Thiol peroxidase (Tpx) (EC 1.11.1.24) (Peroxiredoxin tpx) (Prx) (Thioredoxin peroxidase) (Thioredoxin-dependent peroxiredoxin)
NRX1_ARATH	O80763	NRX1_ARATH	Probable nucleoredoxin 1 (AtNrx1) (EC 1.8.1.8)
DSBE_ALLVD	Q46476	DSBE_ALLVD	Thiol:disulfide interchange protein DsbE (Cytochrome c biogenesis protein CcmG)
DSBE_HAEIN	P45038	DSBE_HAEIN	Thiol:disulfide interchange protein DsbE (Cytochrome c biogenesis protein CcmG)
BCP_HELPJ	Q9ZMU4	BCP_HELPJ	Putative peroxiredoxin bcp (EC 1.11.1.24) (Bacterioferritin comigratory protein homolog) (Thioredoxin peroxidase) (Thioredoxin-dependent peroxiredoxin Bcp)
BCPB_MYCTO	P9WID8	BCPB_MYCTO	Putative peroxiredoxin MT1643 (EC 1.11.1.24) (Bacterioferritin comigratory protein) (Thioredoxin peroxidase) (Thioredoxin-dependent peroxiredoxin MT1643)
BCPB_MYCTU	P9WID9	BCPB_MYCTU	Putative peroxiredoxin Rv1608c (EC 1.11.1.24) (Bacterioferritin comigratory protein) (Thioredoxin peroxidase) (Thioredoxin-dependent peroxiredoxin Rv1608c)
DSBE_PSEAE	Q9I3N1	DSBE_PSEAE	Thiol:disulfide interchange protein DsbE (Cytochrome c biogenesis protein CcmG)
TPX_HELPJ	Q9ZKE7	TPX_HELPJ	Thiol peroxidase (Tpx) (EC 1.11.1.24) (Peroxiredoxin tpx) (Prx) (Thioredoxin peroxidase) (Thioredoxin-dependent peroxiredoxin)
BCP_HELPY	P55979	BCP_HELPY	Putative peroxiredoxin bcp (EC 1.11.1.24) (Bacterioferritin comigratory protein homolog) (Thioredoxin peroxidase) (Thioredoxin-dependent peroxiredoxin Bcp)
TDXH2_THEAC	Q9HJL3	TDXH2_THEAC	Peroxiredoxin 2 (EC 1.11.1.24) (Thioredoxin-dependent peroxiredoxin 2)
TPX_HELPY	O25151	TPX_HELPY	Thiol peroxidase (Tpx) (EC 1.11.1.24) (Peroxiredoxin tpx) (Prx) (Thioredoxin peroxidase) (Thioredoxin-dependent peroxiredoxin)
TPX_AQUAE	O66780	TPX_AQUAE	Thiol peroxidase (Tpx) (EC 1.11.1.24) (Peroxiredoxin tpx) (Prx) (Thioredoxin peroxidase) (Thioredoxin-dependent peroxiredoxin)
TDXH_THEVO	Q979N7	TDXH_THEVO	Peroxiredoxin (EC 1.11.1.24) (Thioredoxin-dependent peroxiredoxin)
DOT5_YEAST	P40553	DOT5_YEAST	Peroxiredoxin DOT5 (Prx) (EC 1.11.1.24) (Disrupter of telomere silencing protein 5) (Nuclear thiol peroxidase) (nTPx) (Thioredoxin peroxidase) (Thioredoxin-dependent peroxiredoxin DOT5)
TPX_LEPIC	Q72NR4	TPX_LEPIC	Thiol peroxidase (Tpx) (EC 1.11.1.24) (Peroxiredoxin tpx) (Prx) (Thioredoxin peroxidase) (Thioredoxin-dependent peroxiredoxin)
TPX_LEPIN	Q8F7T2	TPX_LEPIN	Thiol peroxidase (Tpx) (EC 1.11.1.24) (Peroxiredoxin tpx) (Prx) (Thioredoxin peroxidase) (Thioredoxin-dependent peroxiredoxin)
TDXH2_PICTO	Q6L140	TDXH2_PICTO	Peroxiredoxin 2 (EC 1.11.1.24) (Thioredoxin-dependent peroxiredoxin 2)
BCP_BUCAP	Q9ZHF0	BCP_BUCAP	Putative peroxiredoxin bcp (EC 1.11.1.24) (Bacterioferritin comigratory protein) (Thioredoxin peroxidase) (Thioredoxin-dependent peroxiredoxin Bcp)
STOA_BACSU	O31687	STOA_BACSU	Sporulation thiol-disulfide oxidoreductase A (Stage IV sporulation protein H)
TDX_ECHGR	Q8T6C4	TDX_ECHGR	Thioredoxin peroxidase (EC 1.11.1.24) (Peroxiredoxin) (TPx-Eg) (Thioredoxin-dependent peroxide reductase) (Thioredoxin-dependent peroxiredoxin)
PRDX_ASCSU	Q9NL98	PRDX_ASCSU	Peroxiredoxin (EC 1.11.1.24) (AsPrx) (Thioredoxin peroxidase) (Thioredoxin-dependent peroxiredoxin)
PRX_SCHPO	O94561	PRX_SCHPO	Peroxiredoxin bcp1 (Prx) (EC 1.11.1.24) (Bacterioferritin comigratory protein 1) (BCP) (Nuclear thiol peroxidase) (nTPx) (Thioredoxin peroxidase) (Thioredoxin-dependent peroxiredoxin bcp1)
TDXH2_CALS4	Q8R844	TDXH2_CALS4	Peroxiredoxin 2 (EC 1.11.1.24) (Thioredoxin peroxidase 2) (Thioredoxin-dependent peroxiredoxin 1)
DSBE_PSEFC	P52237	DSBE_PSEFC	Thiol:disulfide interchange protein DsbE (Cytochrome c biogenesis protein CcmG)
TPX_CAMJE	Q9PPE0	TPX_CAMJE	Thiol peroxidase (Tpx) (EC 1.11.1.24) (Peroxiredoxin tpx) (Prx) (Thioredoxin peroxidase) (Thioredoxin-dependent peroxiredoxin)
NRX12_ORYSJ	Q7Y0F2	NRX12_ORYSJ	Probable nucleoredoxin 1-2 (OsNrx1-2) (EC 1.8.1.8)
TSA1_YEAST	P34760	TSA1_YEAST	Peroxiredoxin TSA1 (Prx) (EC 1.11.1.24) (Cytoplasmic thiol peroxidase 1) (cTPx 1) (Protector protein) (PRP) (Thiol-specific antioxidant protein 1) (Thioredoxin peroxidase type Ia) (TPx type Ia) (Thioredoxin-dependent peroxide reductase) (Thioredoxin-dependent peroxiredoxin TSA1)
NRX11_ORYSJ	Q7Y0E8	NRX11_ORYSJ	Probable nucleoredoxin 1-1 (OsNrx1-1) (EC 1.8.1.8)
TDXH_HYPBU	A2BJD9	TDXH_HYPBU	Peroxiredoxin (EC 1.11.1.24) (Thioredoxin peroxidase) (Thioredoxin-dependent peroxiredoxin)
PRDX2_MOUSE	Q61171	PRDX2_MOUSE	Peroxiredoxin-2 (EC 1.11.1.24) (Thiol-specific antioxidant protein) (TSA) (Thioredoxin peroxidase 1) (Thioredoxin-dependent peroxide reductase 1) (Thioredoxin-dependent peroxiredoxin 2)
PRDX2_CRIGR	Q8K3U7	PRDX2_CRIGR	Peroxiredoxin-2 (EC 1.11.1.24) (Thioredoxin-dependent peroxiredoxin 2)
PRDX2_RAT	P35704	PRDX2_RAT	Peroxiredoxin-2 (EC 1.11.1.24) (Thiol-specific antioxidant protein) (TSA) (Thioredoxin peroxidase 1) (Thioredoxin-dependent peroxide reductase 1) (Thioredoxin-dependent peroxiredoxin 2)
AHPC_BUCAI	P57279	AHPC_BUCAI	Alkyl hydroperoxide reductase C (EC 1.11.1.26) (Peroxiredoxin) (Thioredoxin peroxidase)
Y755_SYNY3	Q55624	Y755_SYNY3	Putative peroxiredoxin sll0755 (EC 1.11.1.24) (Thioredoxin reductase)
AHPE_MYCTU	P9WIE3	AHPE_MYCTU	Alkyl hydroperoxide reductase E (EC 1.11.1.29) (Mycoredoxin-dependent peroxiredoxin) (Peroxiredoxin AhpE) (Prx) (Thioredoxin peroxidase) (TPx)
AHPE_MYCTO	P9WIE2	AHPE_MYCTO	Alkyl hydroperoxide reductase E (EC 1.11.1.29) (Mycoredoxin-dependent peroxiredoxin) (Peroxiredoxin AhpE) (Prx) (Thioredoxin peroxidase) (TPx)
AHPE_MYCBO	P65689	AHPE_MYCBO	Alkyl hydroperoxide reductase E (EC 1.11.1.29) (Mycoredoxin-dependent peroxiredoxin) (Peroxiredoxin AhpE) (Prx) (Thioredoxin peroxidase) (TPx)
TPX_CLOAB	Q97E14	TPX_CLOAB	Thiol peroxidase (Tpx) (EC 1.11.1.24) (Peroxiredoxin tpx) (Prx) (Thioredoxin peroxidase) (Thioredoxin-dependent peroxiredoxin)
DSBE_PASMU	Q9CPM6	DSBE_PASMU	Thiol:disulfide interchange protein DsbE (Cytochrome c biogenesis protein CcmG)
PRDX2_PONAB	Q5RC63	PRDX2_PONAB	Peroxiredoxin-2 (EC 1.11.1.24) (Thioredoxin-dependent peroxiredoxin 2)
TDXH_STAMF	A3DKL1	TDXH_STAMF	Peroxiredoxin (EC 1.11.1.24) (Thioredoxin peroxidase) (Thioredoxin-dependent peroxiredoxin)
PRDX2_MACFA	Q2PFZ3	PRDX2_MACFA	Peroxiredoxin-2 (EC 1.11.1.24) (Thioredoxin-dependent peroxiredoxin 2)
PRDX2_HUMAN	P32119	PRDX2_HUMAN	Peroxiredoxin-2 (EC 1.11.1.24) (Natural killer cell-enhancing factor B) (NKEF-B) (PRP) (Thiol-specific antioxidant protein) (TSA) (Thioredoxin peroxidase 1) (Thioredoxin-dependent peroxide reductase 1) (Thioredoxin-dependent peroxiredoxin 2)
TSA2_YEAST	Q04120	TSA2_YEAST	Peroxiredoxin TSA2 (Prx) (EC 1.11.1.24) (Cytoplasmic thiol peroxidase 2) (cTPx 2) (Thiol-specific antioxidant protein 2) (Thioredoxin peroxidase type Ib) (TPx type Ib) (Thioredoxin-dependent peroxiredoxin TSA2)
PRDX2_BOVIN	Q9BGI3	PRDX2_BOVIN	Peroxiredoxin-2 (EC 1.11.1.24) (Thioredoxin-dependent peroxiredoxin 2)
TPX1_SCHPO	O74887	TPX1_SCHPO	Peroxiredoxin tpx1 (EC 1.11.1.24) (Thioredoxin peroxidase) (TPx) (Thioredoxin-dependent peroxiredoxin tpx1)
PRDX4_DICDI	Q555L5	PRDX4_DICDI	Peroxiredoxin-4 (EC 1.11.1.24) (Thioredoxin-dependent peroxiredoxin 4)
PRDX1_HUMAN	Q06830	PRDX1_HUMAN	Peroxiredoxin-1 (EC 1.11.1.24) (Natural killer cell-enhancing factor A) (NKEF-A) (Proliferation-associated gene protein) (PAG) (Thioredoxin peroxidase 2) (Thioredoxin-dependent peroxide reductase 2) (Thioredoxin-dependent peroxiredoxin 1)
TSA1B_CANAL	P0CU34	TSA1B_CANAL	Peroxiredoxin TSA1-B (EC 1.11.1.24) (Thiol-specific antioxidant protein) (Thioredoxin peroxidase) (Thioredoxin-dependent peroxiredoxin TSA1-B)
TDXH2_SULTO	Q96XS5	TDXH2_SULTO	Peroxiredoxin 2 (EC 1.11.1.24) (Thioredoxin-dependent peroxiredoxin 2)
PRXU_PEPAC	Q9L3Q5	PRXU_PEPAC	Selenocysteine-containing peroxiredoxin PrxU (EC 1.11.1.24) (Selenoperoxiredoxin PrxU) (Thioredoxin-dependent peroxiredoxin PrxU)
PRDX3_RAT	Q9Z0V6	PRDX3_RAT	Thioredoxin-dependent peroxide reductase, mitochondrial (EC 1.11.1.24) (PRx III) (Peroxiredoxin-3) (PRX-3) (Thioredoxin-dependent peroxiredoxin 3)
TDXH_SACS2	P95895	TDXH_SACS2	Peroxiredoxin (EC 1.11.1.24) (Thioredoxin-dependent peroxiredoxin)
PRDX3_MOUSE	P20108	PRDX3_MOUSE	Thioredoxin-dependent peroxide reductase, mitochondrial (EC 1.11.1.24) (Antioxidant protein 1) (AOP-1) (PRX III) (Perioredoxin-3) (Protein MER5) (Thioredoxin-dependent peroxiredoxin 3)
TDX_FASHE	P91883	TDX_FASHE	Thioredoxin peroxidase (EC 1.11.1.24) (Peroxiredoxin) (Thiol-specific antioxidant protein) (Thioredoxin-dependent peroxide reductase) (Thioredoxin-dependent peroxiredoxin)
AHPC_BUCAP	Q8K9W0	AHPC_BUCAP	Alkyl hydroperoxide reductase C (EC 1.11.1.26) (Peroxiredoxin) (Thioredoxin peroxidase)
TDXH_IGNH4	A8A9P0	TDXH_IGNH4	Peroxiredoxin (EC 1.11.1.24) (Thioredoxin peroxidase) (Thioredoxin-dependent peroxiredoxin)
PRDX1_RAT	Q63716	PRDX1_RAT	Peroxiredoxin-1 (EC 1.11.1.24) (HBP23) (Heme-binding 23 kDa protein) (Thioredoxin peroxidase 2) (Thioredoxin-dependent peroxide reductase 2) (Thioredoxin-dependent peroxiredoxin 1)
R20K_CLOPA	P23161	R20K_CLOPA	Putative peroxiredoxin in rubredoxin operon (EC 1.11.1.-) (ORF C)
AHPC_BUCBP	Q89AS1	AHPC_BUCBP	Alkyl hydroperoxide reductase C (EC 1.11.1.26) (Peroxiredoxin) (Thioredoxin peroxidase)
PRDX1_MYOLU	Q6B4U9	PRDX1_MYOLU	Peroxiredoxin-1 (EC 1.11.1.24) (Thioredoxin-dependent peroxiredoxin 1)
TDXH1_PICTO	Q6L240	TDXH1_PICTO	Peroxiredoxin 1 (EC 1.11.1.24) (Thioredoxin-dependent peroxiredoxin 1)
AHPC_HELPJ	P56876	AHPC_HELPJ	Alkyl hydroperoxide reductase C (EC 1.11.1.26) (26 kDa antigen) (Peroxiredoxin) (Thioredoxin peroxidase)
PRDX1_MOUSE	P35700	PRDX1_MOUSE	Peroxiredoxin-1 (EC 1.11.1.24) (Macrophage 23 kDa stress protein) (Osteoblast-specific factor 3) (OSF-3) (Thioredoxin peroxidase 2) (Thioredoxin-dependent peroxide reductase 2) (Thioredoxin-dependent peroxiredoxin 1)
PRDX3_PONAB	Q5REY3	PRDX3_PONAB	Thioredoxin-dependent peroxide reductase, mitochondrial (EC 1.11.1.24) (Peroxiredoxin-3) (Thioredoxin-dependent peroxiredoxin 3)
PRDX3_HUMAN	P30048	PRDX3_HUMAN	Thioredoxin-dependent peroxide reductase, mitochondrial (EC 1.11.1.24) (Antioxidant protein 1) (AOP-1) (HBC189) (Peroxiredoxin III) (Prx-III) (Peroxiredoxin-3) (Protein MER5 homolog) (Thioredoxin-dependent peroxiredoxin 3)
PRDX_CHAMQ	A0A2Z5VKM8	PRDX_CHAMQ	2-cysteine peroxiredoxin, chloroplastic (2-Cys Prx) (EC 1.11.1.24) (Thiol-specific antioxidant protein) (Thioredoxin-dependent peroxiredoxin)
BAS1_SPIOL	O24364	BAS1_SPIOL	2-Cys peroxiredoxin BAS1, chloroplastic (EC 1.11.1.24) (Thiol-specific antioxidant protein) (Thioredoxin-dependent peroxiredoxin BAS1)
BAS1A_ARATH	Q96291	BAS1A_ARATH	2-Cys peroxiredoxin BAS1, chloroplastic (2-Cys Prx A) (2-Cys peroxiredoxin A) (EC 1.11.1.24) (Thiol-specific antioxidant protein A) (Thioredoxin-dependent peroxiredoxin BAS1)
PRDX1_BOVIN	Q5E947	PRDX1_BOVIN	Peroxiredoxin-1 (EC 1.11.1.24) (Thioredoxin-dependent peroxiredoxin 1)
AHPC_HELPY	P21762	AHPC_HELPY	Alkyl hydroperoxide reductase C (EC 1.11.1.26) (26 kDa antigen) (Peroxiredoxin) (Thioredoxin peroxidase)
PRDX3_BOVIN	P35705	PRDX3_BOVIN	Thioredoxin-dependent peroxide reductase, mitochondrial (EC 1.11.1.24) (Antioxidant protein 1) (AOP-1) (Peroxiredoxin-3) (Protein SP-22) (Thioredoxin-dependent peroxiredoxin 3)
BAS1B_ARATH	Q9C5R8	BAS1B_ARATH	2-Cys peroxiredoxin BAS1-like, chloroplastic (2-Cys Prx B) (2-Cys peroxiredoxin B) (EC 1.11.1.24) (Thiol-specific antioxidant protein B) (Thioredoxin-dependent peroxiredoxin BAS1-like)
CCMG_PARDP	P52236	CCMG_PARDP	Thiol:disulfide interchange protein DsbE homolog (Cytochrome c biogenesis protein CcmG)
TDX_TRYBR	Q26695	TDX_TRYBR	Thioredoxin peroxidase (EC 1.11.1.24) (Peroxiredoxin) (Thiol-specific antioxidant protein) (Thioredoxin-dependent peroxide reductase) (Thioredoxin-dependent peroxiredoxin)
DSBE_XYLFA	Q9PAN4	DSBE_XYLFA	Thiol:disulfide interchange protein DsbE (Cytochrome c biogenesis protein CcmG)
YKUU_BACSU	O34564	YKUU_BACSU	Putative peroxiredoxin YkuU (EC 1.11.1.-)
CYCY_BRADU	P30960	CYCY_BRADU	Thiol:disulfide interchange protein CycY (Cytochrome c biogenesis protein CycY)
TDXH_THEMA	Q9WZR4	TDXH_THEMA	Peroxiredoxin (EC 1.11.1.24) (Thioredoxin peroxidase) (Thioredoxin-dependent peroxiredoxin)
PRDX_CAEEL	A0A0K3AUJ9	PRDX_CAEEL	Peroxiredoxin prdx-2 (EC 1.11.1.24) (2-Cys peroxiredoxin 2)
PRDX1_CHICK	P0CB50	PRDX1_CHICK	Peroxiredoxin-1 (EC 1.11.1.24) (Thioredoxin-dependent peroxiredoxin 1)
BAS1_ORYSJ	Q6ER94	BAS1_ORYSJ	2-Cys peroxiredoxin BAS1, chloroplastic (EC 1.11.1.24) (Thiol-specific antioxidant protein) (Thioredoxin-dependent peroxiredoxin BAS1)
AHPC_MYCS2	A0R1V9	AHPC_MYCS2	Alkyl hydroperoxide reductase C (EC 1.11.1.28) (Peroxiredoxin) (Thioredoxin peroxidase)
TDXH_THEP1	A5IIX7	TDXH_THEP1	Peroxiredoxin (EC 1.11.1.24) (Thioredoxin peroxidase) (Thioredoxin-dependent peroxiredoxin)
DSBE_XYLFT	Q87BH3	DSBE_XYLFT	Thiol:disulfide interchange protein DsbE (Cytochrome c biogenesis protein CcmG)
PRDX1_GEKJA	Q6DV14	PRDX1_GEKJA	Peroxiredoxin-1 (EC 1.11.1.24) (Thioredoxin-dependent peroxiredoxin 1)
TDXH_METMA	Q8PYP6	TDXH_METMA	Peroxiredoxin (EC 1.11.1.24) (Thioredoxin peroxidase) (Thioredoxin-dependent peroxiredoxin)
REHY_ARATH	O04005	REHY_ARATH	1-Cys peroxiredoxin PER1 (EC 1.11.1.24) (Rehydrin homolog) (Thioredoxin peroxidase) (Thioredoxin-dependent peroxiredoxin)
YCF42_PORPU	P51272	YCF42_PORPU	Putative peroxiredoxin ycf42 (EC 1.11.1.24) (Thioredoxin peroxidase)
BAS1_HORVU	Q96468	BAS1_HORVU	2-Cys peroxiredoxin BAS1, chloroplastic (EC 1.11.1.24) (Thiol-specific antioxidant protein) (Thioredoxin-dependent peroxiredoxin BAS1)
BAS1_WHEAT	P80602	BAS1_WHEAT	2-Cys peroxiredoxin BAS1, chloroplastic (EC 1.11.1.24) (Thiol-specific antioxidant protein) (Thioredoxin-dependent peroxiredoxin BAS1)
NRFX_PASMU	Q9CPK9	NRFX_PASMU	Probable thiol:disulfide interchange protein DsbE-2 (Cytochrome c biogenesis protein NrfX)
TDXH_THEKO	Q5JF30	TDXH_THEKO	Peroxiredoxin (EC 1.11.1.24) (Thioredoxin peroxidase) (Thioredoxin-dependent peroxiredoxin)
BCP_XANCP	Q8P9V9	BCP_XANCP	Peroxiredoxin Bcp (EC 1.11.1.24) (Bacterioferritin comigratory protein) (Thioredoxin peroxidase) (Thioredoxin-dependent peroxiredoxin Bcp)
REHY_HORVU	P52572	REHY_HORVU	1-Cys peroxiredoxin PER1 (EC 1.11.1.24) (B15C) (Rehydrin homolog) (Thioredoxin peroxidase) (Thioredoxin-dependent peroxiredoxin)
REHY_WHEAT	Q6W8Q2	REHY_WHEAT	1-Cys peroxiredoxin PER1 (EC 1.11.1.24) (Rehydrin homolog) (Thioredoxin peroxidase) (Thioredoxin-dependent peroxiredoxin)
AHPC_STAAS	Q6GC91	AHPC_STAAS	Alkyl hydroperoxide reductase C (EC 1.11.1.26) (Peroxiredoxin) (Thioredoxin peroxidase)
AHPC_STAAM	P0A0B5	AHPC_STAAM	Alkyl hydroperoxide reductase C (EC 1.11.1.26) (Peroxiredoxin) (Thioredoxin peroxidase)
AHPC_STAA3	Q2FJN4	AHPC_STAA3	Alkyl hydroperoxide reductase C (EC 1.11.1.26) (Peroxiredoxin) (Thioredoxin peroxidase)
AHPC_STAAN	P99074	AHPC_STAAN	Alkyl hydroperoxide reductase C (EC 1.11.1.26) (Peroxiredoxin) (Thioredoxin peroxidase)
AHPC_STAAB	Q2YVK2	AHPC_STAAB	Alkyl hydroperoxide reductase C (EC 1.11.1.26) (Peroxiredoxin) (Thioredoxin peroxidase)
AHPC_STAAC	Q5HIR5	AHPC_STAAC	Alkyl hydroperoxide reductase C (EC 1.11.1.26) (Peroxiredoxin) (Thioredoxin peroxidase)
AHPC_STAAW	P0A0B6	AHPC_STAAW	Alkyl hydroperoxide reductase C (EC 1.11.1.26) (Peroxiredoxin) (Thioredoxin peroxidase)
AHPC_STAA8	P0A0B7	AHPC_STAA8	Alkyl hydroperoxide reductase C (EC 1.11.1.26) (Peroxiredoxin) (Thioredoxin peroxidase)
AHPC_STAAR	Q6GJR7	AHPC_STAAR	Alkyl hydroperoxide reductase C (EC 1.11.1.26) (Peroxiredoxin) (Thioredoxin peroxidase)
PRDX1_CRIGR	Q9JKY1	PRDX1_CRIGR	Peroxiredoxin-1 (EC 1.11.1.24) (Thioredoxin peroxidase 2) (TPX-2) (Thioredoxin-dependent peroxiredoxin 1)
TDX2_BRUMA	Q17172	TDX2_BRUMA	Peroxiredoxin 2 (EC 1.11.1.24) (Thiol-specific antioxidant protein 2) (Thioredoxin peroxidase 2) (Thioredoxin-dependent peroxide reductase 2) (Thioredoxin-dependent peroxiredoxin 2)
1CPX_ONCVO	P52570	1CPX_ONCVO	1-Cys peroxiredoxin (EC 1.11.1.-) (Thiol-specific antioxidant) (Thioredoxin peroxidase)
TDXH_NANEQ	Q74NC6	TDXH_NANEQ	Peroxiredoxin (EC 1.11.1.24) (Thioredoxin peroxidase) (Thioredoxin-dependent peroxiredoxin)
PDIA5_HUMAN	Q14554	PDIA5_HUMAN	Protein disulfide-isomerase A5 (EC 5.3.4.1) (Protein disulfide isomerase-related protein)
TDXH_METVS	A6UPH7	TDXH_METVS	Peroxiredoxin (EC 1.11.1.24) (Thioredoxin peroxidase) (Thioredoxin-dependent peroxiredoxin)
TDXH2_SULME	O33665	TDXH2_SULME	Peroxiredoxin 2 (EC 1.11.1.24) (Thioredoxin-dependent peroxiredoxin 2)
HELX_RHOCB	P36893	HELX_RHOCB	Thiol:disulfide interchange protein HelX (Cytochrome c biogenesis protein HelX)
TDXH1_CALS4	Q8RCY5	TDXH1_CALS4	Peroxiredoxin 1 (EC 1.11.1.24) (Thioredoxin-dependent peroxiredoxin 1)
AHPC_MYCTO	P9WQB6	AHPC_MYCTO	Alkyl hydroperoxide reductase C (MtAhpC) (EC 1.11.1.28) (Peroxiredoxin) (Thioredoxin peroxidase)
AHPC_MYCTU	P9WQB7	AHPC_MYCTU	Alkyl hydroperoxide reductase C (MtAhpC) (EC 1.11.1.28) (Peroxiredoxin) (Thioredoxin peroxidase)
REHY_MEDTR	Q6E2Z6	REHY_MEDTR	1-Cys peroxiredoxin (EC 1.11.1.24) (Rehydrin homolog) (Thioredoxin peroxidase) (Thioredoxin-dependent peroxiredoxin)
Y1453_HAEIN	Q57127	Y1453_HAEIN	Uncharacterized protein HI_1453
TDXH_ARCFU	O29969	TDXH_ARCFU	Peroxiredoxin (EC 1.11.1.24) (Thioredoxin peroxidase) (Thioredoxin-dependent peroxiredoxin)
PRDX4_RAT	Q9Z0V5	PRDX4_RAT	Peroxiredoxin-4 (EC 1.11.1.24) (Antioxidant enzyme AOE372) (Peroxiredoxin IV) (Prx-IV) (Thioredoxin peroxidase AO372) (Thioredoxin-dependent peroxide reductase A0372) (Thioredoxin-dependent peroxiredoxin 4)
AHPC_STAHJ	Q4L376	AHPC_STAHJ	Alkyl hydroperoxide reductase C (EC 1.11.1.26) (Peroxiredoxin) (Thioredoxin peroxidase)
PRDX4_MOUSE	O08807	PRDX4_MOUSE	Peroxiredoxin-4 (EC 1.11.1.24) (Antioxidant enzyme AOE372) (Peroxiredoxin IV) (Prx-IV) (Thioredoxin peroxidase AO372) (Thioredoxin-dependent peroxide reductase A0372) (Thioredoxin-dependent peroxiredoxin 4)
TDXH_AERPE	Q9Y9L0	TDXH_AERPE	Peroxiredoxin (EC 1.11.1.24) (Thioredoxin peroxidase) (ApTPx) (Thioredoxin-dependent peroxiredoxin)
AHPC_STAES	Q8CMQ2	AHPC_STAES	Alkyl hydroperoxide reductase C (EC 1.11.1.26) (Peroxiredoxin) (Thioredoxin peroxidase)
AHPC_STAEQ	Q5HRY1	AHPC_STAEQ	Alkyl hydroperoxide reductase C (EC 1.11.1.26) (Peroxiredoxin) (Thioredoxin peroxidase)
REHYA_ORYSJ	P0C5C9	REHYA_ORYSJ	1-Cys peroxiredoxin A (1-Cys Prx A) (EC 1.11.1.24) (Protein RAB24) (Rice 1Cys-peroxiredoxin) (R1C-Prx) (Thioredoxin peroxidase A) (Thioredoxin-dependent peroxiredoxin A)
TDX_CYNPY	Q90384	TDX_CYNPY	Peroxiredoxin (EC 1.11.1.24) (Animal blastomere protein, 25 kDa) (ABP-25) (Thioredoxin peroxidase) (Thioredoxin-dependent peroxide reductase) (Thioredoxin-dependent peroxiredoxin)
REHY_BROSE	P52571	REHY_BROSE	Probable 1-Cys peroxiredoxin (EC 1.11.1.24) (Dormancy-associated protein PBS128) (Rehydrin homolog) (Thioredoxin peroxidase) (Thioredoxin-dependent peroxiredoxin)
REHYA_ORYSI	P0C5C8	REHYA_ORYSI	1-Cys peroxiredoxin A (1-Cys Prx A) (EC 1.11.1.24) (Protein RAB24) (Rice 1Cys-peroxiredoxin) (R1C-Prx) (Thioredoxin peroxidase A) (Thioredoxin-dependent peroxiredoxin A)
AHPC_AMPXN	K0J4Q8	AHPC_AMPXN	Alkyl hydroperoxide reductase C (EC 1.11.1.26) (Peroxiredoxin) (Thioredoxin peroxidase)
TDXH_METJA	Q58146	TDXH_METJA	Peroxiredoxin (EC 1.11.1.24) (Thioredoxin peroxidase) (Thioredoxin-dependent peroxiredoxin)
TDX1_CAEEL	Q21824	TDX1_CAEEL	Probable peroxiredoxin prdx-3 (EC 1.11.1.24) (Thiol-specific antioxidant protein) (Thioredoxin peroxidase) (Thioredoxin-dependent peroxide reductase) (Thioredoxin-dependent peroxiredoxin 1)
PRDX4_BOVIN	Q9BGI2	PRDX4_BOVIN	Peroxiredoxin-4 (EC 1.11.1.24) (Peroxiredoxin IV) (Prx-IV) (Thioredoxin-dependent peroxiredoxin 4)
TDXH_METMP	Q6LY19	TDXH_METMP	Peroxiredoxin (EC 1.11.1.24) (Thioredoxin peroxidase) (Thioredoxin-dependent peroxiredoxin)
TDX1_BRUMA	P48822	TDX1_BRUMA	Peroxiredoxin 1 (EC 1.11.1.24) (Thiol-specific antioxidant protein 1) (Thioredoxin peroxidase 1) (Bm-TPx-1) (Thioredoxin-dependent peroxide reductase 1) (Thioredoxin-dependent peroxiredoxin 1)
TDXH1_SULTO	Q974S8	TDXH1_SULTO	Peroxiredoxin 1 (EC 1.11.1.24) (Thioredoxin-dependent peroxiredoxin 1)
TDXH_METM5	A4FWZ9	TDXH_METM5	Peroxiredoxin (EC 1.11.1.24) (Thioredoxin peroxidase) (Thioredoxin-dependent peroxiredoxin)
NRFX_HAEIN	P44943	NRFX_HAEIN	Probable thiol:disulfide interchange protein DsbE-2 (Cytochrome c biogenesis protein NrfX)
TDXH_PYRAB	Q9UZV4	TDXH_PYRAB	Peroxiredoxin (EC 1.11.1.24) (Thioredoxin peroxidase) (Thioredoxin-dependent peroxiredoxin)
AHPC_PSEAB	Q02UU0	AHPC_PSEAB	Alkyl hydroperoxide reductase C (EC 1.11.1.26) (Peroxiredoxin) (Thioredoxin peroxidase)
TDXH_PYRHO	O58966	TDXH_PYRHO	Peroxiredoxin (EC 1.11.1.24) (Thioredoxin peroxidase) (Thioredoxin-dependent peroxiredoxin)
PRDX4_HUMAN	Q13162	PRDX4_HUMAN	Peroxiredoxin-4 (EC 1.11.1.24) (Antioxidant enzyme AOE372) (AOE37-2) (Peroxiredoxin IV) (Prx-IV) (Thioredoxin peroxidase AO372) (Thioredoxin-dependent peroxide reductase A0372) (Thioredoxin-dependent peroxiredoxin 4)
1CPX_DIRIM	O17433	1CPX_DIRIM	1-Cys peroxiredoxin (EC 1.11.1.-) (1-CysPxn) (Thioredoxin peroxidase)
PRDX6_CHICK	Q5ZJF4	PRDX6_CHICK	Peroxiredoxin-6 (EC 1.11.1.27) (1-Cys peroxiredoxin) (1-Cys PRX) (Acidic calcium-independent phospholipase A2) (aiPLA2) (EC 3.1.1.4) (Glutathione-dependent peroxiredoxin) (Lysophosphatidylcholine acyltransferase 5) (LPC acyltransferase 5) (LPCAT-5) (Lyso-PC acyltransferase 5) (EC 2.3.1.23) (Non-selenium glutathione peroxidase) (NSGPx)
PDIA5_BOVIN	Q2KIL5	PDIA5_BOVIN	Protein disulfide-isomerase A5 (EC 5.3.4.1)
CYCY_RHILV	P45409	CYCY_RHILV	Thiol:disulfide interchange protein CycY (Cytochrome c biogenesis protein CycY)
THIX_HAEIN	P43787	THIX_HAEIN	Thioredoxin-like protein HI_1115
AHPC_ECOL6	P0AE09	AHPC_ECOL6	Alkyl hydroperoxide reductase C (EC 1.11.1.26) (Alkyl hydroperoxide reductase protein C22) (Peroxiredoxin) (SCRP-23) (Sulfate starvation-induced protein 8) (SSI8) (Thioredoxin peroxidase)
AHPC_ECO57	P0AE10	AHPC_ECO57	Alkyl hydroperoxide reductase C (EC 1.11.1.26) (Alkyl hydroperoxide reductase protein C22) (Peroxiredoxin) (SCRP-23) (Sulfate starvation-induced protein 8) (SSI8) (Thioredoxin peroxidase)
AHPC_SHIFL	P0AE11	AHPC_SHIFL	Alkyl hydroperoxide reductase C (EC 1.11.1.26) (Alkyl hydroperoxide reductase protein C22) (Peroxiredoxin) (SCRP-23) (Sulfate starvation-induced protein 8) (SSI8) (Thioredoxin peroxidase)
AHPC_ECOLI	P0AE08	AHPC_ECOLI	Alkyl hydroperoxide reductase C (EC 1.11.1.26) (Alkyl hydroperoxide reductase protein C22) (Peroxiredoxin) (SCRP-23) (Sulfate starvation-induced protein 8) (SSI8) (Thioredoxin peroxidase)
TDXH1_SULME	Q55060	TDXH1_SULME	Peroxiredoxin 1 (EC 1.11.1.24) (Thioredoxin-dependent peroxiredoxin 1)
AHPC_SALTI	P0A252	AHPC_SALTI	Alkyl hydroperoxide reductase C (EC 1.11.1.26) (Alkyl hydroperoxide reductase protein C22) (Peroxiredoxin) (Thioredoxin peroxidase)
AHPC_SALTY	P0A251	AHPC_SALTY	Alkyl hydroperoxide reductase C (EC 1.11.1.26) (Alkyl hydroperoxide reductase protein C22) (Peroxiredoxin) (Thioredoxin peroxidase)
PRDX6_BOVIN	O77834	PRDX6_BOVIN	Peroxiredoxin-6 (EC 1.11.1.27) (1-Cys peroxiredoxin) (1-Cys PRX) (Acidic calcium-independent phospholipase A2) (aiPLA2) (EC 3.1.1.4) (Antioxidant protein 2) (Ciliary body glutathione peroxidase) (Glutathione-dependent peroxiredoxin) (Lysophosphatidylcholine acyltransferase 5) (LPC acyltransferase 5) (LPCAT-5) (Lyso-PC acyltransferase 5) (EC 2.3.1.23) (Non-selenium glutathione peroxidase) (NSGPx) (PHGPx)
TDXH_PYRFU	Q8U218	TDXH_PYRFU	Peroxiredoxin (EC 1.11.1.24) (Thioredoxin peroxidase) (Thioredoxin-dependent peroxiredoxin)
TDXH_TREDE	Q73RS4	TDXH_TREDE	Peroxiredoxin (EC 1.11.1.24) (Thioredoxin peroxidase) (Thioredoxin-dependent peroxiredoxin)
NRX3_ORYSJ	Q7XPE8	NRX3_ORYSJ	Probable nucleoredoxin 3 (OsNrx3) (EC 1.8.1.8)
REHY_MAIZE	A2SZW8	REHY_MAIZE	1-Cys peroxiredoxin PER1 (EC 1.11.1.24) (Rehydrin homolog) (Thioredoxin peroxidase) (Thioredoxin-dependent peroxiredoxin)
TDX_ONCMY	Q91191	TDX_ONCMY	Peroxiredoxin (EC 1.11.1.24) (Natural killer enhancement factor-like protein) (RBT-NKEF) (Thioredoxin peroxidase) (Thioredoxin-dependent peroxide reductase) (Thioredoxin-dependent peroxiredoxin)
PRDX6_PIG	Q9TSX9	PRDX6_PIG	Peroxiredoxin-6 (EC 1.11.1.27) (1-Cys peroxiredoxin) (1-Cys PRX) (Acidic calcium-independent phospholipase A2) (aiPLA2) (EC 3.1.1.4) (Glutathione-dependent peroxiredoxin) (Lysophosphatidylcholine acyltransferase 5) (LPC acyltransferase 5) (LPCAT-5) (Lyso-PC acyltransferase 5) (EC 2.3.1.23) (Non-selenium glutathione peroxidase) (NSGPx)
AHPC_STAS1	Q49UT8	AHPC_STAS1	Alkyl hydroperoxide reductase C (EC 1.11.1.26) (Peroxiredoxin) (Thioredoxin peroxidase)
PRDXL_DICDI	Q54SE2	PRDXL_DICDI	1-Cys peroxiredoxin (EC 1.11.1.24) (Thiol-specific antioxidant) (Thioredoxin peroxidase) (Thioredoxin-dependent peroxiredoxin)
YCF42_TRICV	P49537	YCF42_TRICV	Putative peroxiredoxin ycf42 (EC 1.11.1.-) (Thioredoxin peroxidase)
PDIA5_MOUSE	Q921X9	PDIA5_MOUSE	Protein disulfide-isomerase A5 (EC 5.3.4.1) (Protein disulfide isomerase-related protein)
TDXH_METTH	O26262	TDXH_METTH	Peroxiredoxin (EC 1.11.1.24) (Thioredoxin peroxidase) (Thioredoxin-dependent peroxiredoxin)
TDXH_METTM	Q57109	TDXH_METTM	Peroxiredoxin (EC 1.11.1.24) (Thioredoxin peroxidase) (Thioredoxin-dependent peroxiredoxin)
MPT53_MYCTU	P9WG65	MPT53_MYCTU	Soluble secreted antigen MPT53
MPT53_MYCBO	P0A619	MPT53_MYCBO	Soluble secreted antigen MPT53
MPT53_MYCTO	P9WG64	MPT53_MYCTO	Soluble secreted antigen MPT53
AHPC_BACSU	P80239	AHPC_BACSU	Alkyl hydroperoxide reductase C (EC 1.11.1.26) (General stress protein 22) (Peroxiredoxin) (Thioredoxin peroxidase)
PRDX6_MACFA	Q2PFL9	PRDX6_MACFA	Peroxiredoxin-6 (EC 1.11.1.27) (1-Cys peroxiredoxin) (1-Cys PRX) (Acidic calcium-independent phospholipase A2) (aiPLA2) (EC 3.1.1.4) (Glutathione-dependent peroxiredoxin) (Lysophosphatidylcholine acyltransferase 5) (LPC acyltransferase 5) (LPCAT-5) (Lyso-PC acyltransferase 5) (EC 2.3.1.23) (Non-selenium glutathione peroxidase) (NSGPx)
PRDX6_HUMAN	P30041	PRDX6_HUMAN	Peroxiredoxin-6 (EC 1.11.1.27) (1-Cys peroxiredoxin) (1-Cys PRX) (24 kDa protein) (Acidic calcium-independent phospholipase A2) (aiPLA2) (EC 3.1.1.4) (Antioxidant protein 2) (Glutathione-dependent peroxiredoxin) (Liver 2D page spot 40) (Lysophosphatidylcholine acyltransferase 5) (LPC acyltransferase 5) (LPCAT-5) (Lyso-PC acyltransferase 5) (EC 2.3.1.23) (Non-selenium glutathione peroxidase) (NSGPx) (Red blood cells page spot 12)
TDXH1_THEAC	Q9HKX0	TDXH1_THEAC	Peroxiredoxin 1 (EC 1.11.1.24) (Thioredoxin-dependent peroxiredoxin 1)
PDIA5_RAT	Q5I0H9	PDIA5_RAT	Protein disulfide-isomerase A5 (EC 5.3.4.1)
REHYB_ORYSJ	P0C5D1	REHYB_ORYSJ	1-Cys peroxiredoxin B (1-Cys Prx B) (EC 1.11.1.24) (Thioredoxin peroxidase B) (Thioredoxin-dependent peroxiredoxin B)
PRDX6_PONAB	Q5R7E0	PRDX6_PONAB	Peroxiredoxin-6 (EC 1.11.1.27) (1-Cys peroxiredoxin) (1-Cys PRX) (Acidic calcium-independent phospholipase A2) (aiPLA2) (EC 3.1.1.4) (Glutathione-dependent peroxiredoxin) (Lysophosphatidylcholine acyltransferase 5) (LPC acyltransferase 5) (LPCAT-5) (Lyso-PC acyltransferase 5) (EC 2.3.1.23) (Non-selenium glutathione peroxidase) (NSGPx)
PRDX6_RAT	O35244	PRDX6_RAT	Peroxiredoxin-6 (EC 1.11.1.27) (1-Cys peroxiredoxin) (1-Cys PRX) (Acidic calcium-independent phospholipase A2) (aiPLA2) (EC 3.1.1.4) (Antioxidant protein 2) (Glutathione-dependent peroxiredoxin) (Lysophosphatidylcholine acyltransferase 5) (LPC acyltransferase 5) (LPCAT-5) (Lyso-PC acyltransferase 5) (EC 2.3.1.23) (Non-selenium glutathione peroxidase) (NSGPx) (Thiol-specific antioxidant protein)
AHPC_FERAY	P26830	AHPC_FERAY	Alkyl hydroperoxide reductase C (EC 1.11.1.26) (Peroxiredoxin) (Thioredoxin peroxidase)
PRDX6_MOUSE	O08709	PRDX6_MOUSE	Peroxiredoxin-6 (EC 1.11.1.27) (1-Cys peroxiredoxin) (1-Cys PRX) (Acidic calcium-independent phospholipase A2) (aiPLA2) (EC 3.1.1.4) (Antioxidant protein 2) (Glutathione-dependent peroxiredoxin) (Lysophosphatidylcholine acyltransferase 5) (LPC acyltransferase 5) (LPCAT-5) (Lyso-PC acyltransferase 5) (EC 2.3.1.23) (Non-selenium glutathione peroxidase) (NSGPx)
PRX1_YEAST	P34227	PRX1_YEAST	Peroxiredoxin PRX1, mitochondrial (Prx) (EC 1.11.1.25) (EC 1.11.1.27) (1-Cys PRX) (Glutaredoxin-dependent peroxiredoxin) (Glutathione-dependent peroxiredoxin) (Mitochondrial thiol peroxidase) (mTPx) (Thioredoxin peroxidase)
REHYB_ORYSI	P0C5D0	REHYB_ORYSI	1-Cys peroxiredoxin B (1-Cys Prx B) (EC 1.11.1.24) (Thioredoxin peroxidase B) (Thioredoxin-dependent peroxiredoxin B)
PRDX2_PIG	P52552	PRDX2_PIG	Peroxiredoxin-2 (EC 1.11.1.24) (Thiol-specific antioxidant protein) (TSA) (Thioredoxin peroxidase 1) (Thioredoxin-dependent peroxide reductase 1) (Thioredoxin-dependent peroxiredoxin 2)
FIXW_RHILE	P14312	FIXW_RHILE	Protein FixW
GPX4_MESCR	Q9LEF0	GPX4_MESCR	Probable phospholipid hydroperoxide glutathione peroxidase (PHGPx) (EC 1.11.1.12)
GPX4_HELAN	O23968	GPX4_HELAN	Probable phospholipid hydroperoxide glutathione peroxidase (PHGPx) (EC 1.11.1.12) (Glutathione peroxidase 2)
TYPX_TRYBB	O77404	TYPX_TRYBB	Tryparedoxin (TryX)
YKUV_BACSU	O31699	YKUV_BACSU	Thiol-disulfide oxidoreductase YkuV (EC 1.8.-.-)
SOQ1_ARATH	Q8VZ10	SOQ1_ARATH	Protein SUPPRESSOR OF QUENCHING 1, chloroplastic (EC 3.1.3.-)
DIPZ_MYCTO	P9WG62	DIPZ_MYCTO	Protein DipZ
DIPZ_MYCBO	P59960	DIPZ_MYCBO	Protein DipZ
DIPZ_MYCTU	P9WG63	DIPZ_MYCTU	Protein DipZ
TDX_ENCCU	Q8SS85	TDX_ENCCU	Putative thioredoxin peroxidase (EC 1.11.1.24) (Peroxiredoxin) (Thioredoxin-dependent peroxide reductase) (Thioredoxin-dependent peroxiredoxin)
MSRAB_NEIMA	Q9JWM8	MSRAB_NEIMA	Peptide methionine sulfoxide reductase MsrA/MsrB [Includes: Thioredoxin; Peptide methionine sulfoxide reductase MsrA (Protein-methionine-S-oxide reductase) (EC 1.8.4.11) (Peptide-methionine (S)-S-oxide reductase) (Peptide Met(O) reductase); Peptide methionine sulfoxide reductase MsrB (EC 1.8.4.12) (Peptide-methionine (R)-S-oxide reductase)]
REHY_SYNRU	P52574	REHY_SYNRU	Probable 1-Cys peroxiredoxin (EC 1.11.1.24) (Rehydrin) (Thioredoxin peroxidase) (Thioredoxin-dependent peroxiredoxin)
GPX1_PEA	O24296	GPX1_PEA	Phospholipid hydroperoxide glutathione peroxidase, chloroplastic (PHGPx) (EC 1.11.1.12)
GPX7_ARATH	Q9SZ54	GPX7_ARATH	Putative glutathione peroxidase 7, chloroplastic (EC 1.11.1.9)
GPX6_ARATH	O48646	GPX6_ARATH	Probable phospholipid hydroperoxide glutathione peroxidase 6, mitochondrial (AtGPX1) (PHGPx) (EC 1.11.1.12)
MSRAB_NEIGO	P14930	MSRAB_NEIGO	Peptide methionine sulfoxide reductase MsrA/MsrB [Includes: Thioredoxin; Peptide methionine sulfoxide reductase MsrA (Protein-methionine-S-oxide reductase) (EC 1.8.4.11) (Peptide-methionine (S)-S-oxide reductase) (Peptide Met(O) reductase); Peptide methionine sulfoxide reductase MsrB (EC 1.8.4.12) (Peptide-methionine (R)-S-oxide reductase)]
GPX1_ARATH	P52032	GPX1_ARATH	Phospholipid hydroperoxide glutathione peroxidase 1, chloroplastic (PHGPx) (EC 1.11.1.12)
THIO_CERSP	P08058	THIO_CERSP	Thioredoxin (Trx)
PDI_HUMIN	P55059	PDI_HUMIN	Protein disulfide-isomerase (PDI) (EC 5.3.4.1)
GPX4_GOSHI	O49069	GPX4_GOSHI	Probable phospholipid hydroperoxide glutathione peroxidase (PHGPx) (EC 1.11.1.12)
GPX4_NICSY	P30708	GPX4_NICSY	Probable phospholipid hydroperoxide glutathione peroxidase (PHGPx) (EC 1.11.1.12) (6P229)
MSRAB_NEIMB	Q9K1N8	MSRAB_NEIMB	Peptide methionine sulfoxide reductase MsrA/MsrB [Includes: Thioredoxin; Peptide methionine sulfoxide reductase MsrA (Protein-methionine-S-oxide reductase) (EC 1.8.4.11) (Peptide-methionine (S)-S-oxide reductase) (Peptide Met(O) reductase); Peptide methionine sulfoxide reductase MsrB (EC 1.8.4.12) (Peptide-methionine (R)-S-oxide reductase)]
TRXH2_BRANA	Q39362	TRXH2_BRANA	Thioredoxin H-type 2 (Trx-H-2)
GPX5_ARATH	Q9LYB4	GPX5_ARATH	Probable glutathione peroxidase 5 (EC 1.11.1.9)
PDI_DROME	P54399	PDI_DROME	Protein disulfide-isomerase (PDI) (dPDI) (EC 5.3.4.1)
GPX4_SOLLC	O24031	GPX4_SOLLC	Probable phospholipid hydroperoxide glutathione peroxidase (PHGPx) (EC 1.11.1.12)
GPX4_TOBAC	Q9FXS3	GPX4_TOBAC	Probable phospholipid hydroperoxide glutathione peroxidase (PHGPx) (EC 1.11.1.12) (Nt-SubC08)
GPX4_SPIOL	O23814	GPX4_SPIOL	Probable phospholipid hydroperoxide glutathione peroxidase (PHGPx) (EC 1.11.1.12)
GPO_LACLM	O32770	GPO_LACLM	Glutathione peroxidase (EC 1.11.1.9)
PDI1_SCHPO	Q10057	PDI1_SCHPO	Putative protein disulfide-isomerase C1F5.02 (EC 5.3.4.1)
GPX1_CAEEL	O02621	GPX1_CAEEL	Glutathione peroxidase 1 (EC 1.11.1.9)
THIO_ALIAC	P80579	THIO_ALIAC	Thioredoxin (Trx)
GPX4_CITSI	Q06652	GPX4_CITSI	Probable phospholipid hydroperoxide glutathione peroxidase (PHGPx) (EC 1.11.1.12) (Salt-associated protein)
GPX1_HELAN	O23970	GPX1_HELAN	Glutathione peroxidase 1 (EC 1.11.1.9)
GPO_LACLA	Q9CFV1	GPO_LACLA	Glutathione peroxidase (EC 1.11.1.9)
TRXH4_ARATH	Q39239	TRXH4_ARATH	Thioredoxin H4 (AtTrxh4) (Thioredoxin 4) (AtTRX4)
PDI1_CAEEL	Q17967	PDI1_CAEEL	Protein disulfide-isomerase 1 (PDI 1) (EC 5.3.4.1) (Prolyl 4-hydroxylase subunit beta-1)
NRX2_ORYSJ	Q0JIL1	NRX2_ORYSJ	Probable nucleoredoxin 2 (OsNrx2) (EC 1.8.1.8)
DJC10_HUMAN	Q8IXB1	DJC10_HUMAN	DnaJ homolog subfamily C member 10 (EC 1.8.4.-) (Endoplasmic reticulum DNA J domain-containing protein 5) (ER-resident protein ERdj5) (ERdj5) (Macrothioredoxin) (MTHr)
TXLA_SYNY3	P73920	TXLA_SYNY3	Thiol:disulfide interchange protein TxlA homolog
PXL2C_ARATH	Q9ZUU2	PXL2C_ARATH	Thioredoxin-like protein AAED1, chloroplastic (AhpC/TSA antioxidant enzyme domain-containing protein 1)
NXN_HUMAN	Q6DKJ4	NXN_HUMAN	Nucleoredoxin (EC 1.8.1.8)
PXL2C_MOUSE	Q9D1A0	PXL2C_MOUSE	Peroxiredoxin-like 2C (AhpC/TSA antioxidant enzyme domain-containing protein 1) (Thioredoxin-like protein AAED1)
GPX2_ARATH	O04922	GPX2_ARATH	Probable glutathione peroxidase 2 (EC 1.11.1.9)
THIO_MYCGE	P47370	THIO_MYCGE	Thioredoxin (Trx)
PDI1_DICDI	Q86IA3	PDI1_DICDI	Protein disulfide-isomerase 1 (PDI1) (EC 5.3.4.1)
NXN_MOUSE	P97346	NXN_MOUSE	Nucleoredoxin (EC 1.8.1.8) (Protein Red-1)
PDIA4_CAEEL	P34329	PDIA4_CAEEL	Probable protein disulfide-isomerase A4 (EC 5.3.4.1) (ERp-72 homolog)
DJC10_PONAB	Q5R5L3	DJC10_PONAB	DnaJ homolog subfamily C member 10 (EC 1.8.4.-)
TR164_ORYSJ	Q7Y0D4	TR164_ORYSJ	Thioredoxin-like protein HCF164, chloroplastic (Protein HIGH CHLOROPHYLL FLUORESCENCE 164)
NXN_BOVIN	A6QLU8	NXN_BOVIN	Nucleoredoxin (EC 1.8.1.8)
GPX2_YEAST	P38143	GPX2_YEAST	Glutathione peroxidase-like peroxiredoxin 2 (EC 1.11.1.24) (Glutathione peroxidase homolog 2) (GPx 2)
PDIA6_MEDSA	P38661	PDIA6_MEDSA	Probable protein disulfide-isomerase A6 (EC 5.3.4.1) (P5)
DJC10_MOUSE	Q9DC23	DJC10_MOUSE	DnaJ homolog subfamily C member 10 (EC 1.8.4.-) (Endoplasmic reticulum DNA J domain-containing protein 5) (ER-resident protein ERdj5) (ERdj5) (Endoplasmic reticulum DnaJ-PDI fusion protein 1) (J domain-containing protein disulfide isomerase-like protein) (J domain-containing PDI-like protein) (JPDI)
THIO1_STRCO	P52230	THIO1_STRCO	Thioredoxin 1 (Trx-1)
TR164_ARATH	O23166	TR164_ARATH	Thioredoxin-like protein HCF164, chloroplastic (Protein HIGH CHLOROPHYLL FLUORESCENCE 164)
GPX8_ARATH	Q8LBU2	GPX8_ARATH	Probable glutathione peroxidase 8 (EC 1.11.1.9)
SCO1_BACSU	P54178	SCO1_BACSU	SCO1 protein homolog (BsSco)
PDI11_ORYSJ	Q53LQ0	PDI11_ORYSJ	Protein disulfide isomerase-like 1-1 (OsPDIL1-1) (EC 5.3.4.1) (Endosperm storage protein 2) (Protein ESP2)
PDI_RICCO	Q43116	PDI_RICCO	Protein disulfide-isomerase (PDI) (EC 5.3.4.1)
THIO1_NOSSO	P0A4L2	THIO1_NOSSO	Thioredoxin 1 (Trx-1) (Thioredoxin-M)
THIO1_NOSS1	P0A4L1	THIO1_NOSS1	Thioredoxin 1 (Trx-1) (Thioredoxin-M)
DJC10_RAT	Q498R3	DJC10_RAT	DnaJ homolog subfamily C member 10 (EC 1.8.4.-)
THIO_COPCM	Q9UW02	THIO_COPCM	Thioredoxin (Trx) (allergen Cop c 2)
TDXH_CHLTE	Q8KBN8	TDXH_CHLTE	Peroxiredoxin (EC 1.11.1.24) (Thioredoxin peroxidase) (Thioredoxin-dependent peroxiredoxin)
PDI2_SCHPO	O13811	PDI2_SCHPO	Protein disulfide-isomerase C17H9.14c (EC 5.3.4.1)
THIO2_SYNY3	P73263	THIO2_SYNY3	Thioredoxin-like protein slr1139
THIO1_CORNE	P00275	THIO1_CORNE	Thioredoxin C-1
PXL2C_HUMAN	Q7RTV5	PXL2C_HUMAN	Peroxiredoxin-like 2C (AhpC/TSA antioxidant enzyme domain-containing protein 1) (Thioredoxin-like protein AAED1)
MER3_STRLI	P30343	MER3_STRLI	Mercury resistance operon ORF3
THIO1_SYNE7	P12243	THIO1_SYNE7	Thioredoxin 1 (Trx-1) (Thioredoxin-M)
THIO2_ECOLI	P0AGG4	THIO2_ECOLI	Thioredoxin 2 (Trx-2) (EC 1.8.1.8) (Protein-disulfide reductase)
THIO2_ECOL6	P0AGG5	THIO2_ECOL6	Thioredoxin 2 (Trx-2) (EC 1.8.1.8) (Protein-disulfide reductase)
THIO2_SHIFL	P0AGG7	THIO2_SHIFL	Thioredoxin 2 (Trx-2) (EC 1.8.1.8) (Protein-disulfide reductase)
THIO2_ECO57	P0AGG6	THIO2_ECO57	Thioredoxin 2 (Trx-2) (EC 1.8.1.8) (Protein-disulfide reductase)
PDI22_ORYSJ	Q942L2	PDI22_ORYSJ	Protein disulfide isomerase-like 2-2 (OsPDIL2-2) (EC 5.3.4.1) (Protein disulfide isomerase-like 4-2) (OsPDIL4-2)
NXN_DANRE	Q503L9	NXN_DANRE	Nucleoredoxin (EC 1.8.1.8)
PDI_ASPNG	Q12730	PDI_ASPNG	Protein disulfide-isomerase (PDI) (EC 5.3.4.1)
PDI_ASPOR	Q00248	PDI_ASPOR	Protein disulfide-isomerase (PDI) (EC 5.3.4.1)
PDIA1_RABIT	P21195	PDIA1_RABIT	Protein disulfide-isomerase (PDI) (EC 5.3.4.1) (Cellular thyroid hormone-binding protein) (Prolyl 4-hydroxylase subunit beta) (p55)
THIO_HAEIN	P43785	THIO_HAEIN	Thioredoxin (Trx)
PDI21_ORYSJ	Q75M08	PDI21_ORYSJ	Protein disulfide isomerase-like 2-1 (OsPDIL2-1) (EC 5.3.4.1) (Protein disulfide isomerase-like 4-1) (OsPDIL4-1)
GPXA_NEIMF	A1KV41	GPXA_NEIMF	Glutathione peroxidase homolog
GPXA_NEIMB	P0A0T5	GPXA_NEIMB	Glutathione peroxidase homolog
GPXA_NEIMC	P0C2T0	GPXA_NEIMC	Glutathione peroxidase homolog
GPXA_NEIMA	P0A0T4	GPXA_NEIMA	Glutathione peroxidase homolog
THIO_RHORU	P10473	THIO_RHORU	Thioredoxin (Trx)
PDI21_ARATH	O22263	PDI21_ARATH	Protein disulfide-isomerase like 2-1 (AtPDIL2-1) (EC 5.3.4.1) (P5) (Protein MATERNAL EFFECT EMBRYO ARREST 30) (Protein UNFERTILIZED EMBRYO SAC 5) (Protein disulfide isomerase 11) (AtPDI11) (Protein disulfide-isomerase A6) (Protein disulfide-isomerase like 4-1) (AtPDIL4-1)
PXL2C_BOVIN	Q148E0	PXL2C_BOVIN	Peroxiredoxin-like 2C (AhpC/TSA antioxidant enzyme domain-containing protein 1) (Thioredoxin-like protein AAED1)
PDIA1_CHICK	P09102	PDIA1_CHICK	Protein disulfide-isomerase (PDI) (EC 5.3.4.1) (Cellular thyroid hormone-binding protein) (Prolyl 4-hydroxylase subunit beta) (Retina cognin) (R-cognin)
SKFH_BACSU	O31430	SKFH_BACSU	Thioredoxin-like protein SkfH
PDIA1_MOUSE	P09103	PDIA1_MOUSE	Protein disulfide-isomerase (PDI) (EC 5.3.4.1) (Cellular thyroid hormone-binding protein) (Endoplasmic reticulum resident protein 59) (ER protein 59) (ERp59) (Prolyl 4-hydroxylase subunit beta) (p55)
ERP38_NEUCR	Q92249	ERP38_NEUCR	Protein disulfide-isomerase erp38 (ERp38) (EC 5.3.4.1)
PDI11_ARATH	Q9XI01	PDI11_ARATH	Protein disulfide isomerase-like 1-1 (AtPDIL1-1) (EC 5.3.4.1) (Protein disulfide-isomerase 1) (PDI 1) (Protein disulfide-isomerase 5) (AtPDI5)
PDIA1_RAT	P04785	PDIA1_RAT	Protein disulfide-isomerase (PDI) (EC 5.3.4.1) (Cellular thyroid hormone-binding protein) (Prolyl 4-hydroxylase subunit beta)
PDI2_CAEEL	Q17770	PDI2_CAEEL	Protein disulfide-isomerase 2 (EC 5.3.4.1) (PDI 1) (Prolyl 4-hydroxylase subunit beta-2)
PDIA2_MOUSE	D3Z6P0	PDIA2_MOUSE	Protein disulfide-isomerase A2 (EC 5.3.4.1) (PDIp)
NXNL2_MOUSE	Q9D531	NXNL2_MOUSE	Nucleoredoxin-like protein 2 (Rod-derived cone viability factor 2) (RdCVF2)
TRX1_YEAST	P22217	TRX1_YEAST	Thioredoxin-1 (Thioredoxin I) (TR-I) (Thioredoxin-2)
THIO_CYACA	P37395	THIO_CYACA	Thioredoxin (Trx)
NRX3_ARATH	Q8VZQ0	NRX3_ARATH	Probable nucleoredoxin 3 (AtNrx3) (EC 1.8.1.8)
THIO_SYNY3	P52231	THIO_SYNY3	Thioredoxin (Trx)
PDIA1_BOVIN	P05307	PDIA1_BOVIN	Protein disulfide-isomerase (PDI) (EC 5.3.4.1) (Cellular thyroid hormone-binding protein) (Prolyl 4-hydroxylase subunit beta) (p55)
PDIA1_CRIGR	Q8R4U2	PDIA1_CRIGR	Protein disulfide-isomerase (PDI) (EC 5.3.4.1) (Prolyl 4-hydroxylase subunit beta) (p58)
THIO_PASMU	Q9CM49	THIO_PASMU	Thioredoxin (Trx)
TRXH_FAGES	Q96419	TRXH_FAGES	Thioredoxin H-type (Trx-H)
PXL2B_SALSA	B5X9L9	PXL2B_SALSA	Prostamide/prostaglandin F synthase (Prostamide/PG F synthase) (Prostamide/PGF synthase) (EC 1.11.1.20) (Peroxiredoxin-like 2B)
THX28_ASPFM	Q1RQJ1	THX28_ASPFM	Thioredoxin Asp f 28 (Trx) (Allergen Asp f 28) (allergen Asp f 28.0101)
THIO2_CORNE	P07887	THIO2_CORNE	Thioredoxin C-2
PDIA1_MACFU	Q2HWU2	PDIA1_MACFU	Protein disulfide-isomerase (PDI) (EC 5.3.4.1) (Prolyl 4-hydroxylase subunit beta)
GPX4_ARATH	Q8L910	GPX4_ARATH	Probable glutathione peroxidase 4 (EC 1.11.1.9)
PDI_MEDSA	P29828	PDI_MEDSA	Protein disulfide-isomerase (PDI) (EC 5.3.4.1)
PDI_HORVU	P80284	PDI_HORVU	Protein disulfide-isomerase (PDI) (EC 5.3.4.1) (Endosperm protein E-1)
TRX2_SCHPO	O94504	TRX2_SCHPO	Thioredoxin-2, mitochondrial (Trx-2)
PDIA1_HUMAN	P07237	PDIA1_HUMAN	Protein disulfide-isomerase (PDI) (EC 5.3.4.1) (Cellular thyroid hormone-binding protein) (Prolyl 4-hydroxylase subunit beta) (p55)
PDI_MAIZE	P52588	PDI_MAIZE	Protein disulfide-isomerase (PDI) (EC 5.3.4.1)
PDIA1_PONAB	Q5R5B6	PDIA1_PONAB	Protein disulfide-isomerase (PDI) (EC 5.3.4.1) (Cellular thyroid hormone-binding protein) (Prolyl 4-hydroxylase subunit beta) (p55)
GPX2_CAEEL	O62327	GPX2_CAEEL	Glutathione peroxidase 2 (EC 1.11.1.9)
PDI12_ORYSJ	Q7XRB5	PDI12_ORYSJ	Protein disulfide isomerase-like 1-2 (OsPDIL1-2) (EC 5.3.4.1)
PDI_ARTBC	D4B2L8	PDI_ARTBC	Protein disulfide-isomerase (EC 5.3.4.1) (Allergen Alt a 4 homolog)
GPX1_SYNY3	P74250	GPX1_SYNY3	Hydroperoxy fatty acid reductase gpx1 (EC 1.11.1.22)
TRX2_YEAST	P22803	TRX2_YEAST	Thioredoxin-2 (Thioredoxin II) (TR-II) (Thioredoxin-1)
THIO_CHLTI	P10472	THIO_CHLTI	Thioredoxin (Trx)
GPX1_SCHPO	O59858	GPX1_SCHPO	Glutathione peroxidase-like peroxiredoxin gpx1 (EC 1.11.1.24) (Glutathione peroxidase homolog) (GPx) (Thioredoxin peroxidase gpx1)
PDI_DATGL	Q9XF61	PDI_DATGL	Protein disulfide-isomerase (PDI) (EC 5.3.4.1)
THIO_KITAU	P33791	THIO_KITAU	Thioredoxin (Trx)
AHPC_RHORU	P72314	AHPC_RHORU	Alkyl hydroperoxide reductase C (EC 1.11.1.26) (Peroxiredoxin) (Thioredoxin peroxidase)
THIO_LISMO	P0A4L3	THIO_LISMO	Thioredoxin (Trx)
THIO_LISIN	P0A4L4	THIO_LISIN	Thioredoxin (Trx)
PDI_WHEAT	P52589	PDI_WHEAT	Protein disulfide-isomerase (PDI) (EC 5.3.4.1)
THIO_MYCBO	P0A617	THIO_MYCBO	Thioredoxin (Trx) (MPT46)
THIO_MYCTO	P9WG66	THIO_MYCTO	Thioredoxin (Trx) (MPT46)
THIO_MYCTU	P9WG67	THIO_MYCTU	Thioredoxin (Trx) (MPT46)
SCO22_RICBR	Q1RIN4	SCO22_RICBR	SCO2-like protein RBE_0699
THIO_HELPY	P66928	THIO_HELPY	Thioredoxin (Trx)
THIO_HELPJ	P66929	THIO_HELPJ	Thioredoxin (Trx)
GPX3_YEAST	P40581	GPX3_YEAST	Glutathione peroxidase-like peroxiredoxin HYR1 (EC 1.11.1.24) (Glutathione peroxidase homolog 3) (GPx 3) (Hydrogen peroxide resistance protein 1) (Oxidant receptor peroxidase 1) (Phospholipid hydroperoxide glutathione peroxidase 3) (PHGPx3)
NXN_XENLA	Q6GM16	NXN_XENLA	Nucleoredoxin (EC 1.8.1.8)
THIO_BACSU	P14949	THIO_BACSU	Thioredoxin (Trx)
PID13_ORYSJ	Q69ST6	PID13_ORYSJ	Protein disulfide isomerase-like 1-3 (OsPDIL1-3) (EC 5.3.4.1)
TRXY_ORYSJ	Q5JMR9	TRXY_ORYSJ	Thioredoxin Y, chloroplastic (OsTrxy)
TRXY2_ARATH	Q8L7S9	TRXY2_ARATH	Thioredoxin Y2, chloroplastic (AtTrxy2)
THIO_MYCSM	O30974	THIO_MYCSM	Thioredoxin (Trx)
GPX3_ARATH	O22850	GPX3_ARATH	Probable glutathione peroxidase 3, mitochondrial (EC 1.11.1.9)
THIO_CHLAA	Q7M1B9	THIO_CHLAA	Thioredoxin (Trx)
THIO2_DROYA	Q6XHI1	THIO2_DROYA	Thioredoxin-2 (Trx-2)
THIO_EMENI	P29429	THIO_EMENI	Thioredoxin (Trx)
THIOT_DROME	Q8IFW4	THIOT_DROME	Thioredoxin-T (ThioredoxinT)
PDIA2_PONAB	Q5RCH2	PDIA2_PONAB	Protein disulfide-isomerase A2 (EC 5.3.4.1)
NXNL1_HUMAN	Q96CM4	NXNL1_HUMAN	Nucleoredoxin-like protein 1 (Thioredoxin-like protein 6)
THIO2_CHLTE	Q8KE49	THIO2_CHLTE	Thioredoxin 2 (Trx-2)
THIO_PORPU	P51225	THIO_PORPU	Thioredoxin (Trx)
THIO_RICFE	Q4UNK3	THIO_RICFE	Thioredoxin (Trx)
